{
    "model_name": "RandomForestClassifier",
    "training_date": "2025-12-16T14:26:54.529129",
    "performance": {
        "roc_auc": 0.9994741251760344,
        "f1_score": 0.9832134292565947,
        "precision": 0.9761904761904762,
        "recall": 0.9903381642512077,
        "false_negative_rate": 0.009661835748792313
    },
    "basel_ii_compliance": {
        "roc_auc_met": true,
        "fnr_met": true,
        "overall": true
    },
    "features": [
        "recency_days",
        "transaction_frequency",
        "total_monetary_value"
    ],
    "random_seed": 42
}