,total_transaction_amount,avg_transaction_amount,transaction_count,std_transaction_amount,avg_transaction_hour,avg_transaction_day,avg_transaction_month,avg_transaction_year
total_transaction_amount,1.0,0.4057838370991696,0.5041620925509456,0.5144266207255778,0.007908659411109608,-0.017679119844224156,-0.010985900229690789,0.012504717721026315
avg_transaction_amount,0.4057838370991696,1.0,-0.013951385890469474,0.6759440632330099,-0.0066631654935092165,-0.005309124877926124,-0.022057895257684014,0.022634202510324358
transaction_count,0.5041620925509456,-0.013951385890469474,1.0,0.012636255322742101,-0.0076543183060250675,0.009534182352191011,0.019112527173666776,-0.018250866653161373
std_transaction_amount,0.5144266207255778,0.6759440632330099,0.012636255322742101,1.0,0.01253464506414348,-0.014269669108581276,-0.025831349666004734,0.026497394934153522
avg_transaction_hour,0.007908659411109608,-0.0066631654935092165,-0.0076543183060250675,0.01253464506414348,1.0,0.005133084077525588,-0.0026893734640895998,0.00686188304967818
avg_transaction_day,-0.017679119844224156,-0.005309124877926124,0.009534182352191011,-0.014269669108581276,0.005133084077525588,1.0,0.3341271662007594,-0.36704495045466146
avg_transaction_month,-0.010985900229690789,-0.022057895257684014,0.019112527173666776,-0.025831349666004734,-0.0026893734640895998,0.3341271662007594,1.0,-0.9962775962782763
avg_transaction_year,0.012504717721026315,0.022634202510324358,-0.018250866653161373,0.026497394934153522,0.00686188304967818,-0.36704495045466146,-0.9962775962782763,1.0
