,count,mean,std,min,25%,50%,75%,max,missing_values,missing_pct
total_transaction_amount,3742.0,253102.5283270978,2715876.8093712293,50.0,6500.0,32000.0,102060.0,104900000.0,0,0.0
avg_transaction_amount,3742.0,18756.116470614576,167452.89093140248,50.0,1160.6551282051282,3950.0,7096.039473684211,8601821.142857144,0,0.0
transaction_count,3742.0,25.564404061998932,96.92960209482813,1.0,2.0,7.0,20.0,4091.0,0,0.0
std_transaction_amount,3742.0,12744.195678804283,96921.17793146805,0.0,369.56027308224026,2799.235501213963,4253.972651558837,3309916.123615392,0,0.0
avg_transaction_hour,3742.0,12.560711556121486,3.894272857276854,0.0,10.0,12.5,15.0,23.0,0,0.0
avg_transaction_day,3742.0,15.652034633575875,6.941424348245388,1.0,11.0,15.848847616916537,20.25,31.0,0,0.0
avg_transaction_month,3742.0,6.233642014004835,4.590795349409474,1.0,1.4444444444444444,6.1486434108527135,11.0,12.0,0,0.0
avg_transaction_year,3742.0,2018.5279377483942,0.44553868214726167,2018.0,2018.0,2018.5408333333335,2019.0,2019.0,0,0.0
